<?xml version="1.0" ?>
<LOG_ROOT>
	<PROJECT NAME="lab5_2">
		<CBX_INST_ENTRY INSTANCE_NAME="|lab5_2|sseg4:inst2|lpm_mux:Mux1" CBX_FILE_NAME="mux_joc.tdf"/>
		<CBX_INST_ENTRY INSTANCE_NAME="|lab5_2|sseg4:inst2|lpm_mux:Mux5" CBX_FILE_NAME="mux_joc.tdf"/>
		<CBX_INST_ENTRY INSTANCE_NAME="|lab5_2|sseg4:inst3|lpm_mux:Mux0" CBX_FILE_NAME="mux_joc.tdf"/>
		<CBX_INST_ENTRY INSTANCE_NAME="|lab5_2|sseg4:inst3|lpm_mux:Mux4" CBX_FILE_NAME="mux_joc.tdf"/>
		<CBX_INST_ENTRY INSTANCE_NAME="|lab5_2|sseg4:inst2|lpm_mux:Mux2" CBX_FILE_NAME="mux_joc.tdf"/>
		<CBX_INST_ENTRY INSTANCE_NAME="|lab5_2|sseg4:inst2|lpm_mux:Mux6" CBX_FILE_NAME="mux_joc.tdf"/>
		<CBX_INST_ENTRY INSTANCE_NAME="|lab5_2|sseg4:inst3|lpm_mux:Mux1" CBX_FILE_NAME="mux_joc.tdf"/>
		<CBX_INST_ENTRY INSTANCE_NAME="|lab5_2|sseg4:inst3|lpm_mux:Mux5" CBX_FILE_NAME="mux_joc.tdf"/>
		<CBX_INST_ENTRY INSTANCE_NAME="|lab5_2|sseg4:inst2|lpm_mux:Mux3" CBX_FILE_NAME="mux_joc.tdf"/>
		<CBX_INST_ENTRY INSTANCE_NAME="|lab5_2|sseg4:inst3|lpm_mux:Mux2" CBX_FILE_NAME="mux_joc.tdf"/>
		<CBX_INST_ENTRY INSTANCE_NAME="|lab5_2|sseg4:inst3|lpm_mux:Mux6" CBX_FILE_NAME="mux_joc.tdf"/>
		<CBX_INST_ENTRY INSTANCE_NAME="|lab5_2|sseg4:inst2|lpm_mux:Mux0" CBX_FILE_NAME="mux_joc.tdf"/>
		<CBX_INST_ENTRY INSTANCE_NAME="|lab5_2|sseg4:inst2|lpm_mux:Mux4" CBX_FILE_NAME="mux_joc.tdf"/>
		<CBX_INST_ENTRY INSTANCE_NAME="|lab5_2|sseg4:inst3|lpm_mux:Mux3" CBX_FILE_NAME="mux_joc.tdf"/>
	</PROJECT>
</LOG_ROOT>
